{
  "project_info": {
    "project_id": "sf-gcm-demo-e9f6d",
    "project_number": "194249925392",
    "name": "SF-GCM-DEMO"
  },
  "client": [
    {
      "client_info": {
        "mobilesdk_app_id": "1:194249925392:android:ed438bdf3f530a74",
        "client_id": "android:com.example.hoon.demo.gcm",
        "client_type": 1,
        "android_client_info": {
          "package_name": "com.example.hoon.demo.gcm",
          "certificate_hash": []
        }
      },
      "oauth_client": [],
      "api_key": [],
      "services": {
        "analytics_service": {
          "status": 1
        },
        "cloud_messaging_service": {
          "status": 2,
          "apns_config": []
        },
        "appinvite_service": {
          "status": 1,
          "other_platform_oauth_client": []
        },
        "google_signin_service": {
          "status": 1
        },
        "ads_service": {
          "status": 1
        }
      }
    }
  ],
  "client_info": [],
  "ARTIFACT_VERSION": "1"
}