{
  "project_info": {
    "project_number": "27246723285",
    "project_id": "test1-41118"
  },
  "client": [
    {
      "client_info": {
        "mobilesdk_app_id": "1:27246723285:android:b84620e924b38824",
        "android_client_info": {
          "package_name": "com.example.hoon.myproject"
        }
      },
      "oauth_client": [],
      "api_key": [
        {
          "current_key": "AIzaSyD1j0qRoJn0HfaTzHWLGOtJYTFVYMTOjSw"
        }
      ],
      "services": {
        "analytics_service": {
          "status": 1
        },
        "appinvite_service": {
          "status": 1,
          "other_platform_oauth_client": []
        },
        "ads_service": {
          "status": 1
        }
      }
    }
  ],
  "configuration_version": "1"
}