{
  "project_info": {
    "project_number": "839206335183",
    "project_id": "trans-invention-127209"
  },
  "client": [
    {
      "client_info": {
        "mobilesdk_app_id": "1:839206335183:android:b84620e924b38824",
        "android_client_info": {
          "package_name": "com.example.hoon.myproject"
        }
      },
      "oauth_client": [],
      "api_key": [
        {
          "current_key": "AIzaSyAizjxKSzBhd1JePtKoeSfcjOA5S7r2-YM"
        }
      ],
      "services": {
        "analytics_service": {
          "status": 1
        },
        "appinvite_service": {
          "status": 1,
          "other_platform_oauth_client": []
        },
        "ads_service": {
          "status": 1
        }
      }
    },
    {
      "client_info": {
        "mobilesdk_app_id": "1:839206335183:android:e4e3003938eff392",
        "android_client_info": {
          "package_name": "com.example.hoon.drawertest"
        }
      },
      "oauth_client": [],
      "api_key": [
        {
          "current_key": "AIzaSyAizjxKSzBhd1JePtKoeSfcjOA5S7r2-YM"
        }
      ],
      "services": {
        "analytics_service": {
          "status": 1
        },
        "appinvite_service": {
          "status": 1,
          "other_platform_oauth_client": []
        },
        "ads_service": {
          "status": 1
        }
      }
    }
  ],
  "configuration_version": "1"
}